req_rate,Total Pages Returned,Total free() Time (ms),Avg Time / Call (ms),Calls that triggered UNMAP,Total Pages Unmapped,Total UNMAP Time,Avg UNMAP Time
5,93,17.247,3.4500000000000003E-2,0,0,0,0
10,30,12.743,2.5499999999999998E-2,3,3,1.498,0.49930000000000002
15,21,16.324000000000002,3.2599999999999997E-2,2,4,5.0810000000000004,1.2702500000000001
20,18,22.241,4.4499999999999998E-2,1,6,10.874000000000001,1.8123
25,16,30.385000000000002,6.08E-2,3,11,17.89,1.6263000000000001
30,23,41.281999999999996,8.2600000000000007E-2,3,16,28.154,1.7589999999999999
35,23,45.466000000000001,9.0899999999999995E-2,3,18,32.167999999999999,1.7870999999999999
40,29,59.929000000000002,0.11990000000000001,2,24,46.238999999999997,1.926625
45,39,78.415000000000006,0.15679999999999999,4,34,63.628999999999998,1.8714
50,48,93.447000000000003,0.18690000000000001,5,42,78.203000000000003,1.8619000000000001
55,56,106.869,0.2137,6,49,91.004999999999995,1.8572
60,63,123.273,0.2465,6,57,107.36799999999999,1.8835999999999999
