pages_to_free,repeats,warmup_repeats,mean_num_unmapped,full_unmap_ratio,mean_unmap_time_ms,p50_unmap_time_ms,p95_unmap_time_ms,p99_unmap_time_ms,min_unmap_time_ms,max_unmap_time_ms,mean_unmap_time_per_page_ms,mean_wall_time_ms
1,20,3,1.0,1.0,0.24676,0.240434,0.282392,0.290741,0.236627,0.292828,0.24676,0.317048
2,20,3,2.0,1.0,2.429445,2.421096,2.473784,2.533263,2.418151,2.548132,1.214722,2.507301
3,20,3,3.0,1.0,4.536169,4.62435,4.641119,4.645043,4.251955,4.646024,1.512056,4.613603
4,20,3,4.0,1.0,6.281572,6.276856,6.301428,6.330967,6.270196,6.338352,1.570393,6.361704
5,20,3,5.0,1.0,8.319694,8.293753,8.496306,8.550901,8.289343,8.56455,1.663939,8.402781
6,20,3,6.0,1.0,10.320052,10.3093,10.336635,10.432369,10.304108,10.456303,1.720009,10.403009
7,20,3,7.0,1.0,12.335023,12.333262,12.355003,12.356498,12.326613,12.356872,1.762146,12.420066
8,20,3,8.0,1.0,14.389876,14.351024,14.580777,14.762097,14.34122,14.807427,1.798734,14.47662
9,20,3,9.0,1.0,16.401516,16.379884,16.532747,16.641433,16.365999,16.668605,1.822391,16.489627
10,20,3,10.0,1.0,18.448398,18.393053,18.465756,19.274616,18.384742,19.476831,1.84484,18.558976
11,20,3,11.0,1.0,20.454899,20.407698,20.498856,21.118057,20.396259,21.272857,1.859536,20.544056
12,20,3,12.0,1.0,22.435099,22.431524,22.448495,22.469935,22.423668,22.475295,1.869592,22.525404
13,20,3,13.0,1.0,25.703497,24.442703,26.667482,43.682754,24.432873,47.936572,1.977192,25.802417
14,20,3,14.0,1.0,26.522248,26.468516,26.614173,27.185775,26.44911,27.328676,1.894446,26.623588
15,20,3,15.0,1.0,28.551025,28.494586,28.611366,29.36269,28.478259,29.550521,1.903402,28.651156
16,20,3,16.0,1.0,30.572727,30.50446,30.609398,31.58683,30.492304,31.831188,1.910795,30.665163
17,20,3,17.0,1.0,32.553356,32.531438,32.598482,32.879156,32.513618,32.949325,1.914903,32.646447
18,20,3,18.0,1.0,34.545168,34.544763,34.557716,34.559435,34.533028,34.559865,1.919176,34.639582
19,20,3,19.0,1.0,39.777598,36.600308,61.982057,71.45704,36.554772,73.825786,2.093558,39.880598
20,20,3,20.0,1.0,38.601982,38.581678,38.615444,38.916509,38.561879,38.991775,1.930099,38.700316
21,20,3,21.0,1.0,40.655199,40.611505,40.698567,41.323616,40.583383,41.479878,1.935962,40.752386
22,20,3,22.0,1.0,42.696541,42.636372,42.981766,43.414915,42.609418,43.523202,1.940752,42.803127
23,20,3,23.0,1.0,44.684374,44.64169,44.786294,45.160226,44.624701,45.253709,1.942799,44.783229
24,20,3,24.0,1.0,48.060118,46.667312,49.312168,67.508833,46.640549,72.058,2.002505,48.160926
