pages_to_free,repeats,warmup_repeats,mean_num_unmapped,full_unmap_ratio,mean_unmap_time_ms,p50_unmap_time_ms,p95_unmap_time_ms,p99_unmap_time_ms,min_unmap_time_ms,max_unmap_time_ms,mean_unmap_time_per_page_ms,mean_wall_time_ms
1,20,3,1.0,1.0,0.193158,0.19692,0.253869,0.265158,0.143154,0.267981,0.193158,0.285761
2,20,3,2.0,1.0,0.344877,0.332846,0.407565,0.439673,0.328811,0.4477,0.172438,0.415416
3,20,3,3.0,1.0,0.521627,0.519179,0.536206,0.546443,0.516957,0.549002,0.173876,0.592971
4,20,3,4.0,1.0,1.11652,0.945599,1.6912,2.143073,0.705896,2.256041,0.27913,1.189562
5,20,3,5.0,1.0,0.900784,0.89633,0.916496,0.958593,0.891456,0.969118,0.180157,0.976151
6,20,3,6.0,1.0,1.084445,1.083946,1.087834,1.090852,1.080548,1.091607,0.180741,1.158498
7,20,3,7.0,1.0,1.276179,1.274754,1.292115,1.294463,1.268405,1.295051,0.182311,1.350905
8,20,3,8.0,1.0,1.460502,1.460074,1.466519,1.468309,1.456281,1.468757,0.182563,1.535076
9,20,3,9.0,1.0,1.658471,1.647801,1.671062,1.806274,1.642222,1.840077,0.184275,1.734756
10,20,3,10.0,1.0,1.838131,1.836783,1.846362,1.855231,1.830971,1.857448,0.183813,1.914538
11,20,3,11.0,1.0,2.028713,2.026307,2.042724,2.05238,2.020763,2.054794,0.184428,2.105729
12,20,3,12.0,1.0,2.213219,2.20989,2.225474,2.239943,2.205078,2.24356,0.184435,2.291348
13,20,3,13.0,1.0,2.405822,2.399496,2.417512,2.482478,2.391065,2.49872,0.185063,2.486061
14,20,3,14.0,1.0,2.60081,2.582707,2.638491,2.820818,2.580229,2.8664,0.185772,2.680475
15,20,3,15.0,1.0,2.778882,2.775375,2.802351,2.820042,2.766803,2.824465,0.185259,2.860103
16,20,3,16.0,1.0,2.961283,2.962459,2.976349,2.977545,2.949612,2.977844,0.18508,3.044183
17,20,3,17.0,1.0,3.142128,3.141827,3.150319,3.150841,3.134739,3.150972,0.184831,3.223923
18,20,3,18.0,1.0,3.880619,3.350483,6.290504,6.590948,3.326807,6.666059,0.21559,3.975726
19,20,3,19.0,1.0,3.53896,3.531172,3.551073,3.652716,3.521616,3.678126,0.186261,3.622185
20,20,3,20.0,1.0,3.714313,3.714968,3.723913,3.725039,3.705349,3.72532,0.185716,3.799349
21,20,3,21.0,1.0,3.995995,3.903951,4.113855,5.327088,3.893815,5.630396,0.190285,4.085043
22,20,3,22.0,1.0,4.104137,4.095994,4.117693,4.26626,4.077395,4.303401,0.186552,4.191666
23,20,3,23.0,1.0,4.279333,4.278631,4.28954,4.292031,4.269021,4.292654,0.186058,4.367349
24,20,3,24.0,1.0,4.4887,4.467134,4.628822,4.743114,4.453391,4.771687,0.187029,4.577724
